date,product,region,sales_rep,quantity,unit_price,discount,total_amount
2023-01-01,Camera,East,Carol,19,1243.75,0.0,23631.25
2023-01-01,Headphones,West,Henry,16,1110.66,0.0,17770.56
2023-01-01,Phone,South,Emma,10,938.55,0.05,8916.225
2023-01-01,Tablet,North,Grace,4,107.12,0.1,385.632
2023-01-01,Phone,South,Carol,17,320.63,0.2,4360.568
2023-01-01,Phone,North,Carol,13,1165.7,0.05,14396.395
2023-01-02,Laptop,South,David,7,646.23,0.2,3618.888000000001
2023-01-02,Laptop,North,Frank,13,1018.25,0.0,13237.25
2023-01-02,Smartwatch,East,Henry,11,862.98,0.15,8068.863
2023-01-03,Camera,West,Alice,15,90.39,0.05,1288.0575
2023-01-04,Smartwatch,West,Bob,11,1082.6,0.05,11313.169999999998
2023-01-04,Laptop,West,Carol,10,936.62,0.15,7961.27
2023-01-04,Phone,South,Grace,13,687.62,0.15,7598.200999999999
2023-01-04,Camera,South,Alice,7,693.95,0.1,4371.885
2023-01-05,Tablet,South,Carol,5,1244.15,0.2,4976.6
2023-01-05,Tablet,South,Grace,10,303.93,0.05,2887.335
2023-01-05,Tablet,North,Henry,17,1485.98,0.0,25261.66
2023-01-05,Camera,West,David,17,296.33,0.1,4533.849
2023-01-05,Headphones,West,Bob,6,528.91,0.2,2538.768
2023-01-06,Tablet,South,David,5,506.63,0.05,2406.4925
2023-01-06,Camera,West,Frank,19,74.06,0.1,1266.4260000000002
2023-01-06,Laptop,South,Emma,19,1027.29,0.1,17566.659
2023-01-06,Camera,East,Emma,5,1014.33,0.05,4818.0675
2023-01-07,Phone,East,Alice,15,424.96,0.0,6374.4
2023-01-07,Camera,East,Frank,12,126.51,0.0,1518.1200000000001
2023-01-08,Headphones,West,David,9,167.78,0.1,1359.018
2023-01-08,Phone,South,Alice,16,820.38,0.05,12469.776
2023-01-08,Camera,North,Carol,17,378.1,0.0,6427.700000000001
2023-01-09,Camera,West,Carol,19,1495.91,0.15,24158.946500000002
2023-01-09,Tablet,East,Grace,4,1064.48,0.15,3619.232
2023-01-09,Tablet,West,Alice,5,1456.1,0.05,6916.474999999999
2023-01-10,Laptop,East,Alice,17,1023.09,0.15,14783.650499999998
2023-01-10,Laptop,North,Bob,11,145.94,0.2,1284.272
2023-01-12,Phone,East,David,19,73.49,0.05,1326.4944999999998
2023-01-12,Laptop,West,Frank,9,1404.74,0.05,12010.527
2023-01-12,Headphones,East,Carol,3,1406.45,0.05,4008.3825
2023-01-13,Headphones,West,Henry,13,475.36,0.15,5252.728
2023-01-13,Phone,North,Bob,12,574.04,0.2,5510.784
2023-01-13,Laptop,West,Bob,6,161.61,0.2,775.7280000000001
2023-01-13,Camera,East,Frank,5,673.44,0.2,2693.76
2023-01-14,Tablet,North,Henry,5,538.95,0.0,2694.75
2023-01-14,Camera,North,David,8,385.5,0.2,2467.2000000000003
2023-01-14,Phone,South,Frank,17,115.25,0.0,1959.25
2023-01-14,Laptop,East,Alice,8,724.74,0.05,5508.023999999999
2023-01-15,Tablet,South,Grace,13,915.88,0.05,11311.118
2023-01-15,Smartwatch,North,Alice,9,990.06,0.2,7128.432
2023-01-15,Phone,West,Alice,11,123.1,0.0,1354.1
2023-01-16,Camera,East,Bob,14,1033.82,0.2,11578.784
2023-01-17,Laptop,North,David,11,484.11,0.05,5058.9495
2023-01-18,Phone,South,Emma,7,446.78,0.1,2814.714
2023-01-19,Laptop,West,David,13,842.71,0.15,9311.9455
2023-01-19,Smartwatch,East,Carol,4,820.78,0.0,3283.12
2023-01-20,Headphones,East,Alice,11,1155.55,0.1,11439.945
2023-01-20,Tablet,West,Henry,15,657.82,0.2,7893.840000000001
2023-01-20,Laptop,North,David,10,1315.65,0.2,10525.2
2023-01-21,Headphones,North,David,11,1312.26,0.15,12269.631
2023-01-21,Smartwatch,South,Henry,1,282.53,0.15,240.15049999999997
2023-01-22,Headphones,West,Frank,4,1404.93,0.2,4495.776000000001
2023-01-22,Phone,North,Alice,4,147.17,0.15,500.37799999999993
2023-01-22,Headphones,North,Carol,9,372.42,0.15,2849.013
2023-01-23,Phone,East,Henry,13,1260.67,0.05,15569.274499999998
2023-01-23,Camera,North,Frank,5,1397.26,0.15,5938.355
2023-01-25,Smartwatch,North,David,14,1211.42,0.15,14415.898000000001
2023-01-25,Headphones,North,Carol,3,1061.86,0.2,2548.464
2023-01-25,Laptop,West,Emma,19,257.76,0.05,4652.567999999999
2023-01-26,Smartwatch,South,Carol,4,1025.14,0.15,3485.476
2023-01-26,Laptop,East,Alice,6,672.14,0.2,3226.2720000000004
2023-01-26,Smartwatch,North,Frank,18,764.23,0.1,12380.526
2023-01-27,Phone,East,Grace,16,382.58,0.2,4897.024
2023-01-28,Headphones,East,Emma,4,62.13,0.05,236.094
2023-01-28,Smartwatch,East,David,19,326.84,0.15,5278.465999999999
2023-01-28,Tablet,South,Henry,1,867.68,0.0,867.68
2023-01-28,Laptop,East,Alice,9,675.39,0.05,5774.5845
2023-01-28,Laptop,East,Bob,11,1114.52,0.2,9807.776
2023-01-29,Smartwatch,West,Bob,12,785.24,0.0,9422.880000000001
2023-01-29,Phone,West,Alice,14,1240.01,0.2,13888.112000000001
2023-01-30,Tablet,East,Grace,9,438.85,0.0,3949.65
2023-01-31,Laptop,East,David,18,600.97,0.05,10276.587
2023-02-02,Headphones,North,Frank,15,1216.52,0.0,18247.8
2023-02-02,Headphones,North,Emma,17,1088.27,0.0,18500.59
2023-02-02,Tablet,East,Bob,2,140.47,0.15,238.79899999999998
2023-02-03,Headphones,South,Alice,12,481.07,0.15,4906.914
2023-02-03,Laptop,North,Alice,2,1340.37,0.0,2680.74
2023-02-03,Tablet,South,Alice,7,1191.69,0.15,7090.5554999999995
2023-02-03,Phone,South,Henry,17,365.94,0.15,5287.833
2023-02-04,Tablet,North,Emma,19,801.11,0.2,12176.872000000001
2023-02-04,Phone,West,Frank,18,183.92,0.05,3145.0319999999997
2023-02-04,Phone,East,Carol,17,657.94,0.2,8947.984000000002
2023-02-04,Camera,East,Emma,5,453.63,0.2,1814.5200000000002
2023-02-04,Smartwatch,North,Frank,9,59.25,0.1,479.925
2023-02-05,Headphones,West,Alice,6,398.43,0.0,2390.58
2023-02-05,Phone,East,Frank,1,525.94,0.1,473.34600000000006
2023-02-05,Phone,East,Frank,12,322.48,0.05,3676.272
2023-02-05,Laptop,West,Alice,11,1332.65,0.1,13193.235000000002
2023-02-06,Laptop,East,Bob,5,1223.08,0.2,4892.32
2023-02-06,Tablet,North,Bob,5,326.38,0.1,1468.71
2023-02-06,Laptop,South,David,10,1179.7,0.0,11797.0
2023-02-07,Headphones,East,Bob,15,1286.19,0.1,17363.565000000002
2023-02-07,Headphones,North,Frank,13,944.8,0.2,9825.92
2023-02-08,Phone,East,Frank,2,591.03,0.0,1182.06
2023-02-08,Tablet,East,Frank,16,150.62,0.0,2409.92
2023-02-08,Phone,West,Henry,15,1138.62,0.05,16225.335
2023-02-08,Tablet,South,Carol,8,332.99,0.05,2530.724
2023-02-08,Laptop,South,David,2,97.36,0.2,155.776
2023-02-08,Tablet,South,Carol,16,626.64,0.05,9524.928
2023-02-08,Tablet,South,Emma,4,1471.82,0.1,5298.552
2023-02-09,Tablet,North,Henry,1,930.35,0.0,930.35
2023-02-10,Laptop,West,Frank,5,1453.7,0.0,7268.5
2023-02-10,Smartwatch,North,Grace,7,1077.71,0.15,6412.3745
2023-02-10,Phone,West,Carol,15,414.2,0.15,5281.05
2023-02-11,Phone,North,Emma,12,1339.24,0.2,12856.704000000002
2023-02-11,Camera,North,Bob,1,912.53,0.1,821.277
2023-02-11,Headphones,East,David,17,1106.73,0.05,17873.6895
2023-02-12,Smartwatch,North,David,16,1025.98,0.1,14774.112000000001
2023-02-12,Laptop,South,Frank,9,428.52,0.15,3278.178
2023-02-13,Phone,North,Bob,15,367.14,0.1,4956.389999999999
2023-02-13,Smartwatch,North,Alice,4,1231.27,0.1,4432.572
2023-02-13,Smartwatch,South,Frank,16,547.91,0.15,7451.575999999999
2023-02-13,Phone,West,Emma,18,1262.37,0.1,20450.393999999997
2023-02-14,Camera,West,Carol,17,1411.65,0.2,19198.440000000002
2023-02-15,Smartwatch,South,Grace,9,444.4,0.0,3999.6
2023-02-15,Smartwatch,West,Alice,4,108.2,0.15,367.88
2023-02-15,Camera,West,Alice,9,565.21,0.0,5086.89
2023-02-16,Tablet,East,Carol,17,199.12,0.1,3046.536
2023-02-16,Headphones,South,David,11,932.06,0.0,10252.66
2023-02-16,Smartwatch,South,Frank,7,431.71,0.0,3021.97
2023-02-16,Smartwatch,East,Frank,1,947.8,0.1,853.02
2023-02-16,Smartwatch,North,Frank,4,293.9,0.0,1175.6
2023-02-17,Tablet,East,Carol,5,543.6,0.05,2582.1
2023-02-17,Camera,North,Frank,13,924.57,0.05,11418.439499999999
2023-02-17,Smartwatch,East,Carol,2,1170.57,0.05,2224.0829999999996
2023-02-18,Camera,South,Bob,12,523.07,0.2,5021.472000000001
2023-02-18,Smartwatch,South,Emma,4,133.71,0.0,534.84
2023-02-19,Camera,East,Henry,5,150.12,0.15,638.01
2023-02-20,Headphones,West,Henry,6,589.65,0.0,3537.8999999999996
2023-02-20,Phone,West,Carol,17,1035.56,0.05,16724.293999999998
2023-02-20,Headphones,South,Frank,1,646.23,0.05,613.9185
2023-02-20,Camera,East,Grace,19,609.12,0.15,9837.288
2023-02-20,Laptop,East,Carol,5,652.87,0.2,2611.48
2023-02-20,Tablet,East,Grace,12,882.23,0.15,8998.746
2023-02-21,Tablet,East,David,3,187.63,0.2,450.312
2023-02-21,Headphones,West,Bob,14,442.87,0.15,5270.153
2023-02-21,Headphones,West,Emma,3,1352.66,0.1,3652.1820000000007
2023-02-22,Tablet,South,Bob,16,1463.3,0.15,19900.879999999997
2023-02-22,Headphones,East,Alice,17,857.34,0.05,13846.041
2023-02-22,Laptop,North,Emma,8,70.85,0.2,453.44
2023-02-22,Phone,South,David,17,201.46,0.15,2911.097
2023-02-22,Headphones,East,Carol,3,646.39,0.15,1648.2945
2023-02-22,Tablet,North,Bob,15,345.04,0.2,4140.4800000000005
2023-02-22,Camera,West,Henry,12,618.2,0.1,6676.56
2023-02-23,Smartwatch,East,Henry,1,1206.71,0.05,1146.3745
2023-02-23,Tablet,South,Alice,4,572.62,0.1,2061.4320000000002
2023-02-23,Laptop,South,Emma,12,847.31,0.2,8134.1759999999995
2023-02-23,Laptop,North,Frank,10,1439.27,0.05,13673.065
2023-02-23,Headphones,East,Bob,18,716.4,0.2,10316.16
2023-02-23,Camera,South,Henry,13,961.22,0.0,12495.86
2023-02-23,Laptop,East,David,13,880.28,0.2,9154.912
2023-02-24,Headphones,West,Frank,1,834.31,0.0,834.31
2023-02-25,Headphones,North,Alice,9,928.7,0.1,7522.470000000001
2023-02-25,Headphones,North,Henry,1,1277.99,0.2,1022.392
2023-02-26,Headphones,East,Henry,18,222.13,0.05,3798.423
2023-02-27,Laptop,South,Emma,5,1086.39,0.05,5160.352500000001
2023-02-27,Laptop,West,Emma,5,494.37,0.2,1977.48
2023-02-27,Laptop,North,Grace,15,1247.28,0.2,14967.36
2023-02-27,Camera,South,Grace,15,1258.78,0.05,17937.615
2023-02-27,Camera,North,Henry,2,915.52,0.15,1556.384
2023-02-27,Laptop,East,Henry,8,395.31,0.05,3004.3559999999998
2023-02-28,Tablet,South,Frank,1,617.0,0.15,524.4499999999999
2023-03-01,Headphones,South,Henry,8,1275.43,0.15,8672.924
2023-03-01,Headphones,West,Alice,9,710.0,0.15,5431.5
2023-03-02,Tablet,West,Alice,14,1039.67,0.05,13827.611
2023-03-02,Laptop,North,Frank,10,728.14,0.0,7281.4
2023-03-03,Tablet,South,Frank,19,972.74,0.05,17557.957000000002
2023-03-03,Laptop,West,David,16,484.92,0.1,6982.848
2023-03-03,Smartwatch,North,Alice,3,1228.09,0.05,3500.0564999999992
2023-03-03,Phone,East,Bob,11,845.21,0.15,7902.713500000001
2023-03-04,Tablet,West,Grace,13,558.25,0.0,7257.25
2023-03-04,Smartwatch,North,Emma,4,877.77,0.15,2984.4179999999997
2023-03-04,Smartwatch,West,Henry,14,842.36,0.05,11203.388
2023-03-04,Camera,North,Carol,7,966.97,0.05,6430.3505
2023-03-06,Laptop,South,Emma,11,542.96,0.0,5972.56
2023-03-06,Laptop,West,Emma,13,594.43,0.05,7341.210499999999
2023-03-06,Camera,North,Emma,4,1006.28,0.0,4025.12
2023-03-07,Camera,West,Grace,19,1053.92,0.0,20024.480000000003
2023-03-07,Camera,North,Alice,18,539.31,0.0,9707.579999999998
2023-03-08,Headphones,East,Henry,6,1198.68,0.2,5753.664000000001
2023-03-09,Smartwatch,East,Alice,5,1495.99,0.0,7479.95
2023-03-09,Camera,South,David,10,1355.38,0.15,11520.730000000001
2023-03-10,Laptop,South,Henry,15,211.81,0.15,2700.5775
2023-03-10,Tablet,West,Frank,17,65.68,0.2,893.2480000000002
2023-03-10,Laptop,North,Carol,12,122.85,0.1,1326.78
2023-03-10,Phone,West,David,17,1348.75,0.05,21782.3125
2023-03-11,Headphones,South,Alice,14,1222.19,0.05,16255.126999999999
2023-03-11,Camera,West,David,18,221.42,0.0,3985.56
2023-03-13,Tablet,North,David,18,903.11,0.05,15443.180999999999
2023-03-13,Phone,East,Henry,3,686.86,0.15,1751.493
2023-03-14,Phone,East,Carol,13,1159.78,0.2,12061.712
2023-03-15,Camera,South,Grace,11,675.29,0.05,7056.780499999999
2023-03-16,Camera,West,David,14,909.62,0.05,12097.946
2023-03-16,Tablet,North,David,16,1312.5,0.15,17850.0
2023-03-16,Laptop,West,David,16,887.94,0.15,12075.984
2023-03-16,Smartwatch,North,Grace,18,1481.64,0.1,24002.568
2023-03-17,Phone,South,Carol,4,426.52,0.2,1364.864
2023-03-17,Smartwatch,East,Emma,13,1266.81,0.05,15645.103499999997
2023-03-17,Phone,West,Bob,2,1005.06,0.0,2010.12
2023-03-19,Smartwatch,East,Emma,13,1488.35,0.15,16446.267499999998
2023-03-19,Headphones,West,Henry,10,123.4,0.0,1234.0
2023-03-19,Laptop,South,Carol,9,544.91,0.1,4413.771
2023-03-21,Phone,East,Alice,5,1029.94,0.15,4377.245000000001
2023-03-22,Phone,East,David,18,1199.5,0.0,21591.0
2023-03-22,Laptop,North,Henry,17,149.63,0.0,2543.71
2023-03-22,Headphones,East,Bob,2,132.19,0.05,251.16099999999997
2023-03-22,Headphones,North,Frank,17,1496.56,0.05,24169.444
2023-03-23,Phone,South,Alice,6,1450.33,0.15,7396.682999999999
2023-03-24,Laptop,South,Grace,7,73.55,0.05,489.1075
2023-03-24,Camera,West,Frank,12,1309.19,0.05,14924.766
2023-03-25,Smartwatch,North,Frank,5,914.32,0.05,4343.02
2023-03-26,Headphones,South,Alice,11,658.46,0.0,7243.06
2023-03-27,Camera,West,Henry,13,701.11,0.2,7291.544000000001
2023-03-27,Tablet,South,Carol,15,1204.55,0.15,15358.012499999999
2023-03-27,Laptop,West,Emma,10,544.39,0.1,4899.51
2023-03-29,Phone,East,Frank,6,220.45,0.05,1256.5649999999998
2023-03-30,Laptop,North,Frank,18,790.34,0.2,11380.896
2023-03-30,Smartwatch,East,Emma,17,928.17,0.1,14201.001
2023-03-31,Headphones,West,Bob,17,1245.48,0.15,17997.185999999998
2023-03-31,Smartwatch,South,Alice,18,268.18,0.0,4827.24
2023-03-31,Headphones,North,Emma,9,87.25,0.1,706.725
2023-03-31,Tablet,North,Grace,12,777.2,0.0,9326.400000000001
2023-04-01,Tablet,North,Grace,3,222.03,0.1,599.481
2023-04-02,Laptop,West,Alice,9,868.14,0.1,7031.934
2023-04-02,Headphones,West,Frank,12,873.2,0.15,8906.640000000001
2023-04-02,Phone,East,Alice,11,350.93,0.0,3860.23
2023-04-02,Laptop,West,David,1,346.26,0.05,328.947
2023-04-03,Phone,North,Emma,4,697.74,0.2,2232.768
2023-04-03,Camera,West,Henry,6,1305.85,0.15,6659.834999999999
2023-04-04,Camera,West,Emma,19,894.94,0.1,15303.474
2023-04-04,Tablet,South,David,11,457.52,0.15,4277.811999999999
2023-04-05,Phone,East,Grace,4,1284.17,0.15,4366.178
2023-04-05,Camera,South,Emma,7,169.97,0.0,1189.79
2023-04-05,Smartwatch,North,Frank,6,442.43,0.0,2654.58
2023-04-05,Camera,South,Henry,16,319.31,0.0,5108.96
2023-04-05,Camera,North,Frank,3,108.37,0.05,308.8545
2023-04-06,Tablet,North,Frank,10,1246.85,0.15,10598.225
2023-04-06,Phone,South,Carol,6,1018.41,0.1,5499.414
2023-04-06,Headphones,West,Carol,7,1348.57,0.0,9439.99
2023-04-06,Tablet,East,Grace,12,343.27,0.1,3707.316
2023-04-06,Smartwatch,South,Alice,4,297.53,0.15,1011.6019999999999
2023-04-07,Camera,South,Bob,3,915.44,0.05,2609.004
2023-04-07,Headphones,East,Carol,17,292.86,0.1,4480.758
2023-04-08,Tablet,South,Emma,6,691.33,0.15,3525.7830000000004
2023-04-08,Smartwatch,North,Henry,4,534.88,0.05,2032.5439999999999
2023-04-08,Headphones,North,Carol,6,1352.05,0.2,6489.84
2023-04-09,Phone,East,Bob,19,140.72,0.1,2406.312
2023-04-09,Smartwatch,North,Bob,17,1327.41,0.2,18052.776
2023-04-09,Headphones,West,Henry,9,752.58,0.1,6095.898
2023-04-09,Tablet,East,Carol,8,449.17,0.05,3413.692
2023-04-09,Camera,West,Emma,1,633.49,0.15,538.4665
2023-04-09,Smartwatch,South,Henry,18,1214.08,0.15,18575.424
2023-04-09,Tablet,North,Emma,17,896.38,0.1,13714.614
2023-04-09,Laptop,East,Carol,17,620.0,0.1,9486.0
2023-04-09,Camera,South,Carol,7,1248.5,0.0,8739.5
2023-04-10,Laptop,West,Grace,9,231.96,0.1,1878.876
2023-04-10,Tablet,North,David,6,810.87,0.2,3892.1760000000004
2023-04-10,Headphones,South,David,11,289.66,0.05,3026.947
2023-04-10,Headphones,South,Alice,4,548.74,0.0,2194.96
2023-04-11,Headphones,East,David,11,952.9,0.15,8909.615
2023-04-11,Camera,North,Carol,18,1219.66,0.2,17563.104000000003
2023-04-11,Phone,South,Bob,1,519.12,0.0,519.12
2023-04-11,Smartwatch,South,Frank,7,1023.18,0.05,6804.146999999999
2023-04-11,Laptop,West,Carol,16,582.72,0.1,8391.168000000001
2023-04-13,Headphones,East,Emma,15,1025.51,0.0,15382.65
2023-04-13,Tablet,South,Carol,9,171.11,0.2,1231.9920000000002
2023-04-13,Phone,West,Frank,13,1026.79,0.1,12013.443000000001
2023-04-13,Tablet,South,Frank,2,1031.56,0.1,1856.808
2023-04-14,Smartwatch,West,Emma,13,1268.16,0.15,14013.168000000001
2023-04-14,Tablet,South,Carol,18,125.38,0.05,2143.998
2023-04-15,Camera,East,Emma,2,732.89,0.1,1319.202
2023-04-15,Tablet,North,Alice,1,171.99,0.0,171.99
2023-04-16,Laptop,South,Bob,4,1048.52,0.1,3774.672
2023-04-16,Laptop,North,Grace,4,714.57,0.15,2429.538
2023-04-16,Laptop,West,Alice,10,642.26,0.1,5780.34
2023-04-17,Laptop,North,Emma,4,1030.9,0.2,3298.8800000000006
2023-04-17,Camera,West,David,12,1135.12,0.2,10897.152
2023-04-18,Smartwatch,West,Frank,15,1057.23,0.05,15065.5275
2023-04-18,Tablet,North,Henry,12,1204.09,0.05,13726.625999999998
2023-04-19,Headphones,North,David,1,361.31,0.05,343.24449999999996
2023-04-19,Tablet,East,Emma,14,1035.47,0.0,14496.58
2023-04-21,Headphones,West,Emma,19,478.94,0.05,8644.867
2023-04-21,Tablet,South,David,10,625.64,0.1,5630.76
2023-04-21,Camera,West,Emma,10,444.33,0.2,3554.6400000000003
2023-04-21,Phone,East,Alice,1,965.49,0.05,917.2155
2023-04-21,Camera,North,Alice,9,1009.66,0.15,7723.899
2023-04-22,Camera,South,Henry,12,929.93,0.15,9485.286
2023-04-22,Smartwatch,East,David,6,375.26,0.0,2251.56
2023-04-22,Headphones,East,Bob,2,50.04,0.15,85.068
2023-04-22,Phone,North,Frank,17,1072.45,0.1,16408.485
2023-04-23,Laptop,West,Grace,8,1294.13,0.1,9317.736
2023-04-23,Camera,East,David,10,1053.91,0.0,10539.1
2023-04-23,Tablet,South,Grace,19,1134.87,0.05,20484.403499999997
2023-04-23,Camera,South,Grace,2,564.64,0.05,1072.816
2023-04-23,Smartwatch,South,Frank,7,108.51,0.05,721.5915
2023-04-23,Headphones,West,Carol,7,774.94,0.1,4882.122
2023-04-23,Laptop,North,Alice,2,886.22,0.0,1772.44
2023-04-24,Camera,East,Bob,11,1143.11,0.05,11945.499499999998
2023-04-24,Laptop,East,Grace,9,1101.26,0.2,7929.072
2023-04-25,Tablet,North,Emma,19,407.65,0.0,7745.349999999999
2023-04-26,Phone,South,Carol,15,866.94,0.15,11053.485
2023-04-26,Tablet,West,Frank,12,895.63,0.15,9135.426
2023-04-26,Laptop,South,Grace,17,676.9,0.15,9781.205
2023-04-27,Phone,West,David,3,848.46,0.15,2163.573
2023-04-27,Phone,West,Bob,13,726.13,0.1,8495.721000000001
2023-04-28,Camera,South,Bob,16,1078.69,0.15,14670.184000000001
2023-04-28,Headphones,South,Carol,5,236.07,0.2,944.28
2023-04-28,Laptop,South,Grace,15,1493.57,0.15,19043.017499999998
2023-04-28,Tablet,East,David,9,346.45,0.2,2494.44
2023-04-29,Laptop,West,Emma,3,886.48,0.1,2393.496
2023-04-29,Camera,East,Frank,3,87.37,0.05,249.0045
2023-04-30,Headphones,North,Bob,8,451.67,0.2,2890.688
2023-04-30,Laptop,South,Frank,15,1385.07,0.15,17659.642499999998
2023-05-01,Smartwatch,East,Frank,17,584.1,0.1,8936.730000000001
2023-05-01,Smartwatch,North,Henry,9,232.64,0.2,1675.0079999999998
2023-05-02,Smartwatch,East,Emma,11,1005.14,0.05,10503.712999999998
2023-05-02,Camera,North,Frank,2,1499.36,0.05,2848.7839999999997
2023-05-02,Headphones,West,Henry,15,1032.29,0.0,15484.349999999999
2023-05-02,Headphones,North,Frank,15,309.92,0.1,4183.92
2023-05-02,Camera,South,Frank,9,948.12,0.1,7679.772
2023-05-02,Laptop,North,Grace,7,887.57,0.2,4970.392000000001
2023-05-03,Smartwatch,East,Frank,9,1303.43,0.1,10557.783000000001
2023-05-04,Laptop,South,Frank,13,1397.25,0.0,18164.25
2023-05-04,Smartwatch,South,Emma,11,270.47,0.05,2826.4115
2023-05-05,Tablet,West,Frank,10,454.03,0.05,4313.284999999999
2023-05-06,Laptop,West,Grace,13,865.17,0.15,9560.128499999999
2023-05-06,Camera,North,Grace,18,1380.04,0.1,22356.648
2023-05-06,Headphones,West,Bob,8,94.17,0.05,715.692
2023-05-06,Phone,North,Alice,5,998.8,0.1,4494.6
2023-05-06,Tablet,East,Bob,10,739.61,0.05,7026.295
2023-05-06,Laptop,North,Grace,2,1024.96,0.0,2049.92
2023-05-07,Smartwatch,South,Alice,1,1300.19,0.2,1040.152
2023-05-07,Headphones,North,Bob,3,756.53,0.2,1815.6720000000003
2023-05-07,Phone,West,Emma,4,239.91,0.15,815.694
2023-05-08,Camera,North,Alice,9,954.8,0.15,7304.219999999998
2023-05-08,Laptop,North,David,6,1032.42,0.05,5884.794
2023-05-08,Headphones,West,Bob,9,1278.71,0.15,9782.1315
2023-05-08,Laptop,East,David,3,1231.66,0.2,2955.9840000000004
2023-05-09,Tablet,South,Frank,15,775.52,0.1,10469.52
2023-05-09,Phone,East,Carol,10,515.69,0.05,4899.055
2023-05-09,Tablet,South,Alice,9,673.48,0.2,4849.056
2023-05-10,Laptop,West,Carol,3,238.62,0.1,644.274
2023-05-10,Smartwatch,North,David,13,386.43,0.15,4270.0515
2023-05-11,Tablet,South,Frank,15,632.74,0.05,9016.545
2023-05-11,Laptop,West,Bob,3,1111.98,0.05,3169.143
2023-05-11,Laptop,South,Emma,10,298.96,0.2,2391.68
2023-05-11,Headphones,West,Frank,8,949.69,0.0,7597.52
2023-05-12,Laptop,South,Grace,7,370.8,0.15,2206.2599999999998
2023-05-13,Camera,North,David,6,100.28,0.1,541.5120000000001
2023-05-13,Camera,West,Carol,16,286.38,0.15,3894.768
2023-05-13,Camera,North,Carol,9,821.82,0.2,5917.104
2023-05-13,Smartwatch,South,Henry,10,856.48,0.2,6851.84
2023-05-13,Headphones,North,Frank,13,243.15,0.15,2686.8075000000003
2023-05-14,Phone,East,Alice,19,634.65,0.2,9646.68
2023-05-14,Headphones,West,Bob,13,1316.75,0.05,16261.8625
2023-05-14,Laptop,North,Henry,14,520.54,0.15,6194.4259999999995
2023-05-15,Smartwatch,North,David,19,365.62,0.15,5904.763
2023-05-15,Laptop,South,Carol,11,1461.4,0.1,14467.860000000002
2023-05-15,Camera,East,Grace,3,647.34,0.15,1650.7169999999999
2023-05-16,Phone,South,Henry,15,575.71,0.2,6908.520000000001
2023-05-16,Smartwatch,East,Frank,1,262.33,0.05,249.21349999999998
2023-05-16,Smartwatch,South,Grace,2,369.16,0.15,627.572
2023-05-17,Tablet,North,Emma,3,795.97,0.15,2029.7234999999998
2023-05-17,Phone,South,Grace,3,402.93,0.05,1148.3505
2023-05-18,Smartwatch,South,Frank,9,1060.89,0.0,9548.01
2023-05-19,Phone,East,Frank,19,590.17,0.05,10652.5685
2023-05-19,Phone,West,Henry,7,334.56,0.2,1873.536
2023-05-20,Smartwatch,South,David,17,77.76,0.1,1189.728
2023-05-20,Phone,North,David,16,1108.86,0.2,14193.408
2023-05-21,Phone,East,Grace,3,283.77,0.05,808.7444999999999
2023-05-21,Laptop,East,Emma,19,714.0,0.05,12887.699999999999
2023-05-22,Phone,North,Bob,6,462.59,0.1,2497.986
2023-05-22,Camera,North,Emma,17,1429.59,0.05,23087.8785
2023-05-23,Phone,South,Bob,10,304.46,0.0,3044.6
2023-05-23,Tablet,East,Emma,17,778.52,0.05,12573.098
2023-05-23,Headphones,West,Frank,19,666.03,0.0,12654.57
2023-05-24,Tablet,West,Carol,2,1334.96,0.05,2536.424
2023-05-24,Phone,East,Henry,16,959.63,0.0,15354.08
2023-05-24,Camera,South,Bob,3,523.85,0.2,1257.2400000000002
2023-05-24,Headphones,North,Bob,13,722.77,0.05,8926.209499999999
2023-05-24,Tablet,North,Alice,7,918.99,0.15,5467.9905
2023-05-24,Smartwatch,West,Carol,11,86.21,0.15,806.0635
2023-05-24,Camera,East,Carol,8,381.87,0.0,3054.96
2023-05-25,Laptop,North,David,4,754.89,0.0,3019.56
2023-05-25,Camera,East,Carol,1,795.44,0.1,715.8960000000001
2023-05-25,Smartwatch,East,Frank,16,1393.37,0.1,20064.528
2023-05-25,Phone,West,Alice,4,1086.34,0.1,3910.8239999999996
2023-05-25,Tablet,East,Henry,9,172.8,0.1,1399.68
2023-05-26,Laptop,South,Bob,13,1237.17,0.15,13670.728500000001
2023-05-26,Tablet,North,Emma,8,1421.59,0.0,11372.72
2023-05-26,Phone,West,David,4,1047.67,0.0,4190.68
2023-05-27,Laptop,North,David,7,185.98,0.2,1041.488
2023-05-27,Camera,South,Alice,14,1443.33,0.0,20206.62
2023-05-27,Tablet,West,Henry,6,1444.16,0.05,8231.712000000001
2023-05-27,Tablet,West,Alice,8,1086.9,0.05,8260.44
2023-05-27,Phone,South,Bob,16,110.78,0.05,1683.856
2023-05-27,Laptop,North,Henry,11,1453.25,0.1,14387.175000000001
2023-05-28,Phone,South,Emma,17,910.08,0.15,13150.656
2023-05-28,Phone,North,Henry,6,1472.62,0.1,7952.147999999999
2023-05-28,Smartwatch,West,Carol,9,149.25,0.2,1074.6000000000001
2023-05-29,Laptop,West,Carol,9,649.1,0.0,5841.900000000001
2023-05-30,Tablet,West,David,3,367.13,0.0,1101.3899999999999
2023-05-30,Tablet,South,Grace,11,632.94,0.1,6266.106000000001
2023-05-30,Laptop,South,Bob,13,796.65,0.1,9320.804999999998
2023-05-31,Laptop,East,Grace,7,1060.85,0.1,6683.355
2023-05-31,Headphones,North,Alice,11,1176.72,0.2,10355.136
2023-05-31,Laptop,East,David,18,505.12,0.0,9092.16
2023-05-31,Phone,South,David,11,1120.03,0.0,12320.33
2023-05-31,Laptop,West,Frank,18,886.44,0.05,15158.124000000002
2023-06-01,Smartwatch,West,Alice,17,1368.3,0.2,18608.88
2023-06-01,Camera,West,Carol,11,521.67,0.2,4590.696
2023-06-01,Smartwatch,East,Grace,11,458.34,0.0,5041.74
2023-06-01,Smartwatch,West,Emma,4,1092.17,0.1,3931.8120000000004
2023-06-01,Camera,South,David,15,1438.57,0.05,20499.622499999998
2023-06-01,Tablet,North,Henry,4,272.85,0.2,873.1200000000001
2023-06-02,Camera,West,Henry,15,1330.23,0.05,18955.7775
2023-06-02,Tablet,South,Henry,2,1009.42,0.2,1615.0720000000001
2023-06-03,Phone,North,Carol,19,1462.01,0.2,22222.552
2023-06-03,Camera,West,Alice,13,531.36,0.1,6216.912
2023-06-03,Laptop,East,Carol,19,282.99,0.2,4301.448
2023-06-04,Phone,North,Henry,4,505.12,0.15,1717.408
2023-06-04,Laptop,West,Alice,3,887.82,0.0,2663.46
2023-06-05,Smartwatch,East,Alice,4,1140.98,0.05,4335.724
2023-06-06,Smartwatch,North,Frank,5,146.52,0.15,622.71
2023-06-07,Headphones,East,David,18,1234.61,0.0,22222.98
2023-06-07,Laptop,East,Frank,13,559.27,0.15,6179.9335
2023-06-07,Laptop,North,Frank,15,421.87,0.0,6328.05
2023-06-09,Smartwatch,West,David,6,591.51,0.1,3194.154
2023-06-09,Phone,West,David,10,1494.43,0.15,12702.655
2023-06-09,Laptop,East,Alice,10,934.06,0.15,7939.509999999998
2023-06-09,Camera,North,Grace,15,469.69,0.05,6693.0825
2023-06-09,Phone,West,David,12,1121.65,0.0,13459.800000000001
2023-06-09,Headphones,South,Carol,4,1059.43,0.15,3602.062
2023-06-09,Laptop,North,Carol,9,1155.34,0.1,9358.253999999999
2023-06-10,Phone,North,Emma,14,892.01,0.1,11239.326
2023-06-10,Headphones,East,David,6,1213.83,0.15,6190.532999999999
2023-06-10,Phone,South,Frank,18,1385.9,0.0,24946.2
2023-06-10,Smartwatch,East,Grace,12,563.69,0.1,6087.852000000001
2023-06-11,Phone,East,Frank,18,449.1,0.2,6467.040000000001
2023-06-11,Camera,South,Henry,6,1241.01,0.05,7073.757
2023-06-12,Tablet,East,Alice,18,335.15,0.2,4826.16
2023-06-12,Phone,North,David,9,199.73,0.15,1527.9344999999998
2023-06-12,Phone,West,Henry,1,64.91,0.1,58.419
2023-06-12,Camera,West,Carol,14,585.88,0.2,6561.856
2023-06-13,Headphones,North,Grace,13,130.63,0.1,1528.371
2023-06-13,Camera,North,Frank,6,1110.67,0.0,6664.02
2023-06-13,Phone,North,Carol,19,277.38,0.0,5270.22
2023-06-14,Phone,East,Alice,3,246.42,0.0,739.26
2023-06-14,Tablet,East,David,4,742.16,0.2,2374.912
2023-06-14,Tablet,South,Alice,13,106.52,0.05,1315.522
2023-06-15,Laptop,West,David,18,273.15,0.05,4670.865
2023-06-16,Tablet,West,Alice,11,822.13,0.0,9043.43
2023-06-16,Laptop,South,Grace,1,1402.2,0.15,1191.8700000000001
2023-06-17,Tablet,East,David,13,378.46,0.0,4919.98
2023-06-17,Smartwatch,East,David,12,164.46,0.1,1776.1680000000001
2023-06-18,Tablet,West,Frank,9,465.45,0.2,3351.2400000000002
2023-06-19,Phone,West,Carol,11,878.33,0.1,8695.467
2023-06-19,Laptop,East,Frank,18,432.89,0.1,7012.817999999999
2023-06-19,Camera,West,Emma,4,1283.33,0.2,4106.656
2023-06-19,Laptop,West,Carol,7,389.59,0.05,2590.7734999999993
2023-06-19,Phone,East,Alice,7,759.62,0.05,5051.473
2023-06-19,Headphones,South,Carol,7,940.26,0.2,5265.456
2023-06-20,Smartwatch,South,Henry,16,1366.37,0.05,20768.823999999997
2023-06-21,Tablet,North,Grace,18,1337.77,0.0,24079.86
2023-06-21,Laptop,North,Bob,8,1158.31,0.2,7413.184
2023-06-21,Headphones,East,Frank,3,1183.84,0.1,3196.3679999999995
2023-06-21,Phone,West,Henry,17,387.13,0.2,5264.968000000001
2023-06-22,Headphones,South,Carol,12,937.15,0.1,10121.22
2023-06-22,Smartwatch,North,Bob,4,708.29,0.2,2266.528
2023-06-22,Headphones,East,Grace,2,619.7,0.2,991.5200000000001
2023-06-22,Laptop,South,Alice,4,641.23,0.0,2564.92
2023-06-22,Headphones,North,Emma,12,1039.18,0.05,11846.652
2023-06-22,Headphones,South,Emma,19,420.24,0.0,7984.56
2023-06-23,Laptop,South,Alice,19,1053.42,0.1,18013.482000000004
2023-06-23,Laptop,North,Bob,2,656.98,0.05,1248.262
2023-06-24,Tablet,West,Henry,4,857.47,0.2,2743.9040000000005
2023-06-25,Phone,East,Carol,12,536.15,0.15,5468.73
2023-06-25,Camera,West,Bob,9,588.63,0.0,5297.67
2023-06-26,Headphones,East,Frank,19,312.72,0.0,5941.68
2023-06-26,Phone,West,Emma,19,1148.06,0.2,17450.512
2023-06-26,Phone,North,Carol,15,646.24,0.1,8724.24
2023-06-26,Headphones,South,David,10,1358.5,0.2,10868.0
2023-06-27,Tablet,South,Henry,12,1446.87,0.15,14758.073999999999
2023-06-27,Phone,North,Henry,17,1274.77,0.2,17336.872
2023-06-28,Smartwatch,South,Frank,11,889.27,0.0,9781.97
2023-06-28,Laptop,South,Henry,16,1074.06,0.1,15466.464
2023-06-29,Headphones,West,Bob,3,1133.26,0.15,2889.8129999999996
2023-06-29,Phone,West,David,15,389.92,0.15,4971.4800000000005
2023-06-29,Tablet,South,Henry,9,857.04,0.0,7713.36
2023-06-29,Tablet,West,Alice,12,411.06,0.0,4932.72
2023-06-29,Camera,North,David,12,1456.39,0.0,17476.68
2023-06-30,Tablet,West,Bob,16,274.64,0.2,3515.392
2023-06-30,Smartwatch,South,Henry,18,147.49,0.15,2256.597
2023-07-01,Tablet,West,Henry,5,489.76,0.2,1959.0400000000002
2023-07-02,Camera,West,Frank,4,546.06,0.1,1965.8159999999998
2023-07-02,Headphones,North,Emma,7,572.69,0.1,3607.9470000000006
2023-07-03,Headphones,West,Henry,19,276.49,0.05,4990.6445
2023-07-03,Headphones,North,Frank,8,955.69,0.2,6116.416000000001
2023-07-03,Tablet,West,Henry,5,330.48,0.2,1321.92
2023-07-04,Camera,South,David,8,394.34,0.15,2681.5119999999997
2023-07-05,Tablet,South,Grace,19,1257.75,0.1,21507.525
2023-07-05,Phone,North,Carol,17,254.77,0.0,4331.09
2023-07-05,Smartwatch,North,Frank,13,1121.36,0.2,11662.144
2023-07-06,Laptop,West,David,11,1241.65,0.0,13658.150000000001
2023-07-06,Laptop,North,Carol,13,219.05,0.05,2705.2675
2023-07-06,Camera,North,Grace,8,400.17,0.1,2881.224
2023-07-06,Smartwatch,North,Bob,13,545.76,0.2,5675.904
2023-07-06,Smartwatch,East,Henry,7,69.84,0.15,415.548
2023-07-07,Phone,South,Alice,3,488.51,0.2,1172.424
2023-07-07,Laptop,North,Alice,4,835.55,0.0,3342.2
2023-07-07,Phone,North,Emma,2,368.35,0.15,626.195
2023-07-08,Phone,South,Grace,9,789.29,0.0,7103.61
2023-07-08,Phone,North,Carol,11,935.29,0.0,10288.189999999999
2023-07-09,Camera,West,Alice,12,1052.03,0.2,10099.488000000001
2023-07-09,Phone,North,Emma,6,1329.71,0.05,7579.347
2023-07-09,Smartwatch,South,Grace,14,318.64,0.1,4014.864
2023-07-09,Camera,North,David,7,1009.58,0.0,7067.06
2023-07-09,Tablet,South,Henry,8,322.2,0.15,2190.96
2023-07-09,Tablet,South,Alice,7,943.64,0.1,5944.932
2023-07-10,Laptop,North,Alice,10,1098.99,0.2,8791.92
2023-07-10,Smartwatch,South,Carol,16,1215.52,0.05,18475.904
2023-07-10,Tablet,South,Frank,7,161.36,0.0,1129.52
2023-07-11,Headphones,West,Grace,18,1341.06,0.05,22932.125999999997
2023-07-11,Camera,South,Carol,3,1341.74,0.15,3421.4370000000004
2023-07-11,Headphones,West,Grace,8,358.05,0.2,2291.52
2023-07-11,Laptop,South,Alice,17,776.85,0.2,10565.160000000002
2023-07-11,Smartwatch,East,Bob,6,751.83,0.1,4059.8820000000005
2023-07-11,Tablet,South,Bob,1,1207.53,0.15,1026.4005
2023-07-11,Tablet,South,Alice,19,356.13,0.1,6089.823
2023-07-13,Laptop,West,Grace,6,1301.35,0.1,7027.29
2023-07-13,Phone,West,Bob,4,524.06,0.15,1781.8039999999999
2023-07-13,Smartwatch,West,Carol,8,570.85,0.15,3881.78
2023-07-14,Tablet,North,Carol,15,1467.06,0.15,18705.015
2023-07-14,Camera,South,Alice,2,1006.16,0.2,1609.856
2023-07-14,Smartwatch,South,David,19,724.26,0.05,13072.893
2023-07-15,Tablet,West,David,9,369.73,0.2,2662.0560000000005
2023-07-15,Headphones,East,Frank,17,1009.77,0.05,16307.7855
2023-07-16,Laptop,North,Alice,1,1009.49,0.2,807.5920000000001
2023-07-16,Camera,South,David,3,1106.14,0.2,2654.7360000000003
2023-07-17,Tablet,West,Carol,11,1075.73,0.2,9466.424
2023-07-17,Laptop,North,Emma,1,106.46,0.05,101.13699999999999
2023-07-17,Tablet,North,Grace,15,1180.74,0.15,15054.434999999998
2023-07-17,Smartwatch,South,Bob,6,1324.82,0.0,7948.92
2023-07-18,Camera,East,Henry,10,709.41,0.0,7094.099999999999
2023-07-20,Smartwatch,West,David,1,1009.44,0.1,908.4960000000001
2023-07-20,Phone,East,Alice,15,497.28,0.15,6340.32
2023-07-20,Smartwatch,South,Carol,14,1395.86,0.0,19542.039999999997
2023-07-21,Smartwatch,North,Frank,15,1272.82,0.1,17183.07
2023-07-21,Phone,North,Emma,19,385.64,0.15,6228.085999999999
2023-07-21,Tablet,East,Henry,15,1403.94,0.0,21059.100000000002
2023-07-21,Smartwatch,South,Carol,11,775.4,0.15,7249.99
2023-07-22,Camera,East,Frank,2,866.92,0.1,1560.456
2023-07-22,Headphones,East,Carol,1,633.92,0.2,507.13599999999997
2023-07-22,Camera,North,Carol,18,151.66,0.05,2593.386
2023-07-23,Laptop,East,David,17,600.64,0.15,8679.248
2023-07-24,Smartwatch,East,Henry,19,91.55,0.15,1478.5325
2023-07-24,Camera,North,David,10,398.77,0.0,3987.7
2023-07-25,Smartwatch,North,David,7,871.58,0.1,5490.954000000001
2023-07-25,Laptop,East,Alice,13,76.28,0.1,892.476
2023-07-26,Laptop,North,Grace,15,367.14,0.05,5231.744999999999
2023-07-26,Phone,East,Emma,14,1399.08,0.15,16649.052
2023-07-26,Camera,East,Grace,11,1150.14,0.05,12018.963
2023-07-27,Smartwatch,West,Emma,8,1119.27,0.05,8506.452
2023-07-27,Laptop,South,David,9,612.35,0.05,5235.592500000001
2023-07-27,Smartwatch,South,Emma,14,758.32,0.1,9554.832000000002
2023-07-31,Headphones,North,David,7,880.91,0.1,5549.733
2023-07-31,Phone,North,David,14,811.93,0.15,9661.966999999999
2023-07-31,Laptop,East,Alice,10,1065.89,0.15,9060.065
2023-08-01,Smartwatch,East,Frank,13,1004.33,0.15,11097.8465
2023-08-01,Smartwatch,West,David,18,159.76,0.0,2875.68
2023-08-02,Phone,North,Grace,8,1214.35,0.15,8257.58
2023-08-02,Laptop,West,Henry,19,1281.7,0.15,20699.454999999998
2023-08-02,Laptop,West,Emma,4,1469.77,0.2,4703.264
2023-08-03,Camera,South,Grace,19,286.05,0.05,5163.202499999999
2023-08-03,Tablet,East,Alice,5,315.99,0.05,1500.9524999999999
2023-08-03,Phone,East,Carol,5,1056.23,0.15,4488.9775
2023-08-03,Tablet,East,Bob,13,383.25,0.0,4982.25
2023-08-03,Tablet,North,Bob,5,300.16,0.0,1500.8000000000002
2023-08-04,Laptop,West,Frank,10,743.87,0.15,6322.8949999999995
2023-08-04,Tablet,South,Emma,4,146.37,0.15,497.658
2023-08-05,Smartwatch,West,David,19,749.09,0.05,13521.0745
2023-08-05,Camera,North,David,1,654.93,0.2,523.944
2023-08-05,Smartwatch,North,Frank,13,1322.16,0.1,15469.272000000003
2023-08-05,Headphones,South,Carol,11,223.84,0.0,2462.2400000000002
2023-08-05,Camera,North,Bob,3,679.07,0.2,1629.768
2023-08-05,Smartwatch,South,David,2,1361.32,0.1,2450.3759999999997
2023-08-06,Smartwatch,North,Emma,15,1212.1,0.2,14545.2
2023-08-06,Headphones,West,Bob,5,954.43,0.1,4294.9349999999995
2023-08-06,Phone,North,Alice,5,332.71,0.05,1580.3725
2023-08-06,Laptop,South,Bob,19,826.7,0.0,15707.300000000001
2023-08-06,Phone,North,Emma,1,476.4,0.0,476.4
2023-08-08,Phone,South,Grace,17,1458.17,0.1,22310.001
2023-08-08,Tablet,South,Carol,2,599.61,0.0,1199.22
2023-08-08,Tablet,West,Henry,4,238.03,0.0,952.12
2023-08-08,Smartwatch,South,Grace,1,82.52,0.1,74.268
2023-08-08,Smartwatch,South,Carol,10,306.5,0.15,2605.25
2023-08-08,Phone,East,David,17,521.56,0.0,8866.519999999999
2023-08-08,Phone,West,Henry,4,1100.67,0.05,4182.546
2023-08-09,Phone,East,Alice,1,873.56,0.2,698.848
2023-08-10,Smartwatch,East,David,5,667.88,0.1,3005.46
2023-08-10,Camera,West,Grace,17,1032.22,0.05,16670.353
2023-08-10,Headphones,East,David,6,505.05,0.2,2424.2400000000002
2023-08-11,Tablet,North,Alice,17,1002.69,0.15,14488.870499999999
2023-08-11,Phone,East,Alice,13,169.29,0.0,2200.77
2023-08-11,Phone,East,Alice,16,187.7,0.15,2552.72
2023-08-11,Tablet,South,Alice,10,97.04,0.0,970.4000000000001
2023-08-11,Camera,North,Bob,14,550.37,0.05,7319.921
2023-08-12,Laptop,South,Henry,18,224.56,0.1,3637.872
2023-08-12,Phone,South,Henry,1,870.96,0.15,740.316
2023-08-12,Laptop,South,David,9,443.87,0.15,3395.6054999999997
2023-08-12,Tablet,West,Frank,11,971.35,0.15,9082.1225
2023-08-13,Tablet,East,Grace,17,1142.53,0.1,17480.709
2023-08-13,Headphones,West,Carol,15,1016.93,0.15,12965.857499999998
2023-08-13,Smartwatch,North,Emma,13,178.16,0.1,2084.472
2023-08-13,Headphones,East,Emma,15,503.53,0.2,6042.360000000001
2023-08-14,Headphones,West,Frank,11,186.91,0.1,1850.4089999999999
2023-08-14,Camera,North,Henry,2,124.38,0.2,199.008
2023-08-14,Smartwatch,North,Bob,12,730.21,0.05,8324.394
2023-08-15,Phone,South,Grace,8,1449.69,0.05,11017.644
2023-08-15,Tablet,North,Carol,14,1249.59,0.2,13995.408
2023-08-15,Tablet,East,Bob,5,253.47,0.0,1267.35
2023-08-15,Smartwatch,North,Frank,9,172.62,0.05,1475.9009999999998
2023-08-15,Laptop,West,Henry,4,1012.11,0.1,3643.596
2023-08-16,Tablet,East,Carol,7,1274.11,0.05,8472.831499999998
2023-08-16,Headphones,South,David,14,51.61,0.05,686.4129999999999
2023-08-17,Tablet,North,David,6,613.65,0.2,2945.52
2023-08-17,Tablet,East,David,8,728.7,0.0,5829.6
2023-08-17,Laptop,West,Emma,4,992.19,0.2,3175.0080000000003
2023-08-17,Tablet,North,Grace,16,313.58,0.05,4766.415999999999
2023-08-17,Camera,North,Alice,5,188.27,0.1,847.215
2023-08-18,Smartwatch,East,Alice,19,1410.05,0.15,22772.3075
2023-08-18,Smartwatch,South,Henry,3,123.01,0.2,295.22400000000005
2023-08-19,Camera,East,Carol,9,1153.23,0.0,10379.07
2023-08-19,Laptop,East,Emma,17,737.19,0.05,11905.6185
2023-08-19,Headphones,South,David,11,1002.26,0.1,9922.374000000002
2023-08-19,Headphones,South,David,17,400.18,0.05,6462.907
2023-08-19,Camera,West,Carol,16,921.32,0.0,14741.12
2023-08-21,Smartwatch,North,Emma,12,355.24,0.1,3836.592
2023-08-21,Tablet,West,David,8,1265.32,0.0,10122.56
2023-08-21,Smartwatch,South,Frank,7,1325.03,0.2,7420.168
2023-08-21,Smartwatch,West,Carol,15,1180.3,0.0,17704.5
2023-08-21,Phone,East,Alice,1,95.17,0.1,85.653
2023-08-21,Tablet,South,Carol,9,1112.85,0.1,9014.085
2023-08-21,Phone,South,Emma,16,1275.06,0.1,18360.864
2023-08-21,Camera,South,Henry,1,1030.72,0.0,1030.72
2023-08-22,Phone,West,Carol,16,1351.98,0.0,21631.68
2023-08-23,Laptop,East,Carol,17,479.72,0.0,8155.240000000001
2023-08-23,Laptop,West,Grace,3,1247.79,0.05,3556.2014999999997
2023-08-24,Tablet,North,Bob,11,910.52,0.1,9014.148
2023-08-24,Tablet,South,Henry,11,123.33,0.05,1288.7984999999999
2023-08-24,Phone,North,Henry,11,931.24,0.2,8194.912
2023-08-25,Smartwatch,South,Grace,11,941.94,0.0,10361.34
2023-08-25,Headphones,West,Frank,17,1215.13,0.05,19624.3495
2023-08-25,Headphones,East,Henry,19,361.62,0.2,5496.624
2023-08-26,Camera,East,Henry,14,668.28,0.15,7952.532
2023-08-26,Phone,West,Alice,1,301.57,0.05,286.4915
2023-08-26,Tablet,North,Emma,4,1464.25,0.1,5271.3
2023-08-27,Laptop,East,Bob,9,1476.17,0.0,13285.53
2023-08-27,Camera,North,Carol,11,303.24,0.05,3168.858
2023-08-27,Laptop,West,David,19,1027.07,0.05,18538.613499999996
2023-08-27,Phone,South,Alice,17,1410.87,0.1,21586.310999999998
2023-08-27,Headphones,South,Henry,15,626.91,0.2,7522.92
2023-08-28,Tablet,South,Emma,3,614.38,0.2,1474.512
2023-08-28,Camera,South,Emma,2,106.94,0.0,213.88
2023-08-28,Smartwatch,South,David,2,1245.31,0.05,2366.089
2023-08-29,Laptop,East,Henry,9,1088.78,0.2,7839.216
2023-08-30,Phone,North,Grace,15,630.31,0.0,9454.65
2023-08-30,Phone,West,Carol,5,139.62,0.1,628.2900000000001
2023-08-30,Tablet,East,Bob,8,257.12,0.2,1645.5680000000002
2023-08-30,Headphones,South,Frank,2,1001.79,0.0,2003.58
2023-08-31,Camera,West,David,1,1006.29,0.2,805.032
2023-08-31,Smartwatch,South,Grace,6,845.87,0.05,4821.459
2023-09-01,Smartwatch,South,Carol,15,1059.82,0.2,12717.84
2023-09-03,Laptop,West,David,2,1339.8,0.05,2545.62
2023-09-03,Tablet,East,Bob,1,77.78,0.05,73.89099999999999
2023-09-04,Headphones,North,Carol,4,1263.82,0.15,4296.987999999999
2023-09-04,Headphones,West,Frank,6,1423.38,0.15,7259.238
2023-09-04,Headphones,South,Grace,4,1125.38,0.0,4501.52
2023-09-04,Tablet,North,Grace,8,573.56,0.0,4588.48
2023-09-04,Tablet,North,Carol,10,685.36,0.2,5482.880000000001
2023-09-04,Camera,West,Carol,14,173.33,0.15,2062.6270000000004
2023-09-06,Smartwatch,South,Bob,8,1147.72,0.2,7345.408
2023-09-06,Camera,North,Frank,6,276.66,0.15,1410.966
2023-09-06,Tablet,North,Frank,19,1152.23,0.2,17513.896
2023-09-06,Camera,North,Frank,7,1305.07,0.05,8678.7155
2023-09-07,Phone,South,Henry,19,839.09,0.0,15942.710000000001
2023-09-07,Smartwatch,West,Henry,9,611.62,0.0,5504.58
2023-09-07,Headphones,North,Grace,5,93.65,0.1,421.425
2023-09-08,Headphones,East,David,13,1185.78,0.05,14644.382999999998
2023-09-08,Laptop,North,Emma,12,1256.93,0.05,14329.001999999999
2023-09-09,Tablet,West,Henry,3,1289.71,0.0,3869.13
2023-09-09,Camera,East,David,16,614.64,0.15,8359.104
2023-09-09,Camera,East,David,4,1244.25,0.0,4977.0
2023-09-09,Smartwatch,South,Carol,5,623.13,0.05,2959.8675
2023-09-09,Phone,North,Henry,7,972.11,0.1,6124.293000000001
2023-09-09,Laptop,East,Emma,16,991.79,0.0,15868.64
2023-09-09,Laptop,North,Bob,5,1141.08,0.0,5705.4
2023-09-10,Smartwatch,East,Henry,19,553.9,0.2,8419.28
2023-09-10,Headphones,South,Grace,8,802.88,0.1,5780.736
2023-09-10,Headphones,East,Alice,18,956.73,0.2,13776.912
2023-09-10,Tablet,South,David,11,1396.51,0.2,12289.288
2023-09-10,Headphones,South,Grace,13,1468.61,0.0,19091.93
2023-09-10,Smartwatch,North,Alice,18,248.87,0.1,4031.694
2023-09-11,Headphones,North,David,11,663.84,0.2,5841.792000000001
2023-09-11,Phone,West,David,19,296.11,0.1,5063.481000000001
2023-09-11,Smartwatch,North,Grace,18,393.55,0.0,7083.900000000001
2023-09-12,Laptop,West,Emma,2,901.06,0.2,1441.696
2023-09-12,Camera,South,Emma,4,1341.09,0.15,4559.705999999999
2023-09-12,Tablet,South,Alice,1,377.81,0.05,358.91949999999997
2023-09-13,Smartwatch,West,Henry,3,782.99,0.05,2231.5215000000003
2023-09-13,Smartwatch,East,Carol,6,622.98,0.1,3364.092
2023-09-14,Laptop,North,Henry,6,1164.44,0.05,6637.308
2023-09-14,Tablet,South,David,5,1126.27,0.15,4786.6475
2023-09-14,Tablet,West,Emma,18,1403.15,0.05,23993.864999999998
2023-09-15,Smartwatch,South,Alice,8,1333.04,0.1,9597.888
2023-09-15,Tablet,South,Emma,6,171.15,0.15,872.865
2023-09-16,Tablet,East,Emma,19,1493.67,0.05,26960.7435
2023-09-16,Headphones,South,Grace,8,426.39,0.05,3240.564
2023-09-16,Phone,South,Emma,8,443.66,0.0,3549.28
2023-09-16,Tablet,West,Carol,10,369.65,0.1,3326.85
2023-09-16,Camera,South,David,8,84.38,0.2,540.032
2023-09-17,Headphones,West,Emma,5,895.72,0.05,4254.67
2023-09-17,Laptop,West,Bob,14,417.24,0.15,4965.156
2023-09-18,Smartwatch,South,Bob,12,1097.97,0.2,10540.512
2023-09-19,Laptop,South,Bob,2,366.4,0.2,586.24
2023-09-19,Tablet,West,Emma,7,383.49,0.2,2147.5440000000003
2023-09-20,Phone,West,Alice,14,276.5,0.2,3096.8
2023-09-21,Smartwatch,West,Grace,6,1453.71,0.05,8286.146999999999
2023-09-21,Phone,North,Emma,6,968.88,0.0,5813.28
2023-09-21,Camera,North,Frank,17,153.0,0.2,2080.8
2023-09-21,Smartwatch,North,Emma,4,786.32,0.0,3145.28
2023-09-21,Phone,West,Grace,15,176.17,0.0,2642.5499999999997
2023-09-21,Phone,South,Emma,13,334.81,0.1,3917.277
2023-09-22,Smartwatch,East,Grace,19,1400.75,0.1,23952.825
2023-09-22,Camera,North,Bob,2,1053.51,0.05,2001.6689999999999
2023-09-24,Headphones,East,Alice,11,952.99,0.15,8910.456499999998
2023-09-24,Headphones,East,Grace,2,1051.78,0.2,1682.848
2023-09-25,Headphones,North,Emma,17,593.35,0.0,10086.95
2023-09-25,Headphones,North,Henry,13,57.7,0.1,675.09
2023-09-25,Headphones,East,David,15,1498.39,0.2,17980.680000000004
2023-09-25,Smartwatch,South,Henry,13,1485.66,0.1,17382.222
2023-09-25,Smartwatch,East,Bob,10,317.72,0.1,2859.4800000000005
2023-09-26,Phone,West,Henry,16,1137.89,0.15,15475.304
2023-09-27,Tablet,North,Grace,10,753.39,0.2,6027.12
2023-09-28,Camera,West,Bob,10,704.38,0.0,7043.8
2023-09-28,Camera,West,Carol,6,593.09,0.0,3558.54
2023-09-28,Laptop,North,Grace,9,1295.21,0.1,10491.201
2023-09-28,Headphones,East,Emma,5,1441.8,0.1,6488.1
2023-09-29,Smartwatch,West,Carol,10,963.24,0.1,8669.16
2023-09-29,Laptop,East,David,15,1370.38,0.1,18500.13
2023-09-30,Laptop,West,Carol,9,426.75,0.05,3648.7124999999996
2023-09-30,Camera,South,Emma,13,830.13,0.0,10791.69
2023-09-30,Tablet,West,Carol,18,180.32,0.15,2758.8959999999997
2023-09-30,Laptop,West,Alice,8,764.59,0.1,5505.048000000001
2023-10-01,Smartwatch,South,Henry,17,217.32,0.05,3509.718
2023-10-01,Phone,North,Carol,16,479.1,0.2,6132.4800000000005
2023-10-02,Tablet,North,Emma,9,472.62,0.2,3402.864
2023-10-02,Phone,South,Alice,14,1055.46,0.1,13298.796
2023-10-02,Smartwatch,West,David,15,607.69,0.0,9115.35
2023-10-04,Phone,North,Alice,5,1106.96,0.05,5258.0599999999995
2023-10-04,Camera,South,Frank,2,1235.24,0.1,2223.4320000000002
2023-10-04,Laptop,South,Bob,3,400.23,0.0,1200.69
2023-10-04,Phone,East,David,11,1351.18,0.1,13376.682
2023-10-04,Headphones,West,Henry,19,439.42,0.1,7514.081999999999
2023-10-04,Headphones,South,Alice,16,669.86,0.0,10717.76
2023-10-05,Headphones,East,Bob,7,100.62,0.1,633.9060000000001
2023-10-06,Phone,West,Emma,10,1254.88,0.1,11293.920000000002
2023-10-06,Headphones,South,Grace,8,274.01,0.15,1863.2679999999998
2023-10-07,Tablet,West,Carol,13,510.45,0.1,5972.264999999999
2023-10-07,Laptop,West,Emma,10,263.04,0.1,2367.36
2023-10-07,Smartwatch,North,Alice,14,1486.48,0.1,18729.648
2023-10-07,Headphones,East,Bob,17,147.11,0.05,2375.8265
2023-10-07,Smartwatch,East,Alice,16,714.73,0.2,9148.544
2023-10-08,Smartwatch,East,Alice,9,757.36,0.1,6134.616
2023-10-08,Phone,North,Bob,3,1483.21,0.05,4227.1485
2023-10-09,Camera,West,Henry,4,416.89,0.05,1584.1819999999998
2023-10-09,Phone,South,Alice,18,546.96,0.2,7876.224000000001
2023-10-09,Smartwatch,West,Alice,8,495.46,0.1,3567.312
2023-10-10,Phone,West,Frank,15,416.64,0.0,6249.599999999999
2023-10-10,Phone,East,Alice,2,1366.93,0.15,2323.781
2023-10-10,Laptop,East,David,17,1063.48,0.05,17175.201999999997
2023-10-10,Headphones,East,Carol,4,656.31,0.2,2100.192
2023-10-10,Laptop,West,Grace,6,355.65,0.0,2133.8999999999996
2023-10-11,Phone,East,David,1,263.55,0.2,210.84000000000003
2023-10-11,Camera,North,Emma,18,440.79,0.2,6347.376
2023-10-11,Smartwatch,West,David,1,1240.42,0.2,992.3360000000001
2023-10-11,Smartwatch,South,Alice,11,444.32,0.2,3910.0159999999996
2023-10-12,Laptop,East,Bob,8,121.94,0.2,780.416
2023-10-12,Phone,South,Emma,5,618.27,0.0,3091.35
2023-10-12,Phone,North,Frank,4,1260.13,0.1,4536.468000000001
2023-10-13,Smartwatch,West,Emma,2,467.52,0.0,935.04
2023-10-13,Laptop,East,Carol,16,1422.8,0.1,20488.32
2023-10-13,Headphones,South,Emma,7,433.72,0.05,2884.238
2023-10-13,Smartwatch,West,Grace,13,818.41,0.2,8511.464
2023-10-13,Tablet,East,Henry,5,196.42,0.05,932.9949999999999
2023-10-15,Smartwatch,South,Frank,8,66.39,0.2,424.896
2023-10-15,Camera,East,Frank,9,882.72,0.0,7944.4800000000005
2023-10-15,Laptop,North,Bob,14,984.88,0.1,12409.488
2023-10-16,Camera,South,Emma,12,723.15,0.1,7810.0199999999995
2023-10-16,Smartwatch,South,Grace,18,199.98,0.05,3419.658
2023-10-16,Headphones,West,Emma,12,93.54,0.0,1122.48
2023-10-16,Tablet,North,Emma,15,925.12,0.05,13182.96
2023-10-16,Phone,North,Alice,14,1170.52,0.2,13109.824
2023-10-17,Tablet,North,David,12,1249.95,0.2,11999.520000000002
2023-10-17,Smartwatch,East,Frank,2,1174.1,0.05,2230.7899999999995
2023-10-19,Laptop,South,Frank,14,602.44,0.2,6747.328
2023-10-19,Headphones,East,Frank,16,450.09,0.2,5761.152
2023-10-20,Camera,South,Carol,3,1282.44,0.2,3077.856
2023-10-20,Tablet,North,Frank,19,1161.45,0.2,17654.04
2023-10-21,Laptop,South,Frank,14,892.38,0.2,9994.656
2023-10-21,Phone,South,Grace,2,1012.55,0.1,1822.59
2023-10-21,Tablet,South,David,2,290.33,0.05,551.627
2023-10-21,Headphones,North,Henry,15,764.18,0.2,9170.16
2023-10-22,Tablet,West,Henry,3,523.63,0.2,1256.712
2023-10-23,Headphones,North,Alice,4,726.15,0.0,2904.6
2023-10-25,Smartwatch,North,Bob,3,990.53,0.0,2971.59
2023-10-26,Tablet,West,Bob,13,1484.7,0.0,19301.100000000002
2023-10-27,Laptop,East,Frank,6,639.56,0.0,3837.3599999999997
2023-10-27,Headphones,West,Bob,10,507.1,0.15,4310.349999999999
2023-10-28,Camera,West,Alice,17,354.96,0.0,6034.32
2023-10-28,Smartwatch,South,Grace,16,1269.32,0.05,19293.663999999997
2023-10-28,Tablet,North,Bob,17,157.45,0.15,2275.1524999999997
2023-10-29,Camera,West,Grace,5,1303.76,0.0,6518.8
2023-10-29,Phone,East,Alice,12,590.14,0.2,5665.344000000001
2023-10-30,Headphones,West,Emma,5,1235.09,0.2,4940.360000000001
2023-10-30,Smartwatch,North,Bob,15,564.6,0.05,8045.549999999999
2023-10-30,Tablet,North,Grace,17,551.42,0.1,8436.726
2023-10-30,Phone,North,Emma,15,136.92,0.1,1848.4199999999998
2023-10-31,Phone,South,Henry,1,952.81,0.1,857.529
2023-10-31,Laptop,South,David,18,827.11,0.05,14143.580999999998
2023-10-31,Camera,West,Carol,5,1197.76,0.05,5689.36
2023-10-31,Headphones,North,Grace,15,1150.97,0.15,14674.867499999998
2023-10-31,Headphones,East,Frank,19,1264.18,0.15,20416.507
2023-11-01,Tablet,East,Frank,17,1394.33,0.1,21333.249
2023-11-01,Laptop,West,Frank,16,857.71,0.1,12351.024000000001
2023-11-02,Smartwatch,East,Grace,1,1361.15,0.15,1156.9775
2023-11-02,Smartwatch,West,Alice,6,1265.43,0.2,6074.064
2023-11-02,Headphones,South,Alice,7,691.06,0.05,4595.549
2023-11-03,Laptop,East,David,14,518.39,0.05,6894.5869999999995
2023-11-03,Smartwatch,North,Frank,18,775.16,0.0,13952.88
2023-11-04,Headphones,North,Emma,16,1028.44,0.15,13986.784
2023-11-04,Camera,East,David,14,1217.88,0.1,15345.288
2023-11-04,Laptop,North,Grace,12,1199.26,0.05,13671.563999999998
2023-11-05,Laptop,East,Emma,9,283.98,0.1,2300.2380000000003
2023-11-06,Laptop,South,Carol,11,64.47,0.2,567.336
2023-11-06,Smartwatch,North,Bob,17,1334.84,0.1,20423.052
2023-11-07,Phone,East,Bob,1,870.33,0.2,696.2640000000001
2023-11-07,Phone,East,Frank,7,1312.47,0.05,8727.925500000001
2023-11-07,Headphones,West,Frank,8,195.36,0.0,1562.88
2023-11-08,Laptop,West,David,12,1217.87,0.2,11691.552
2023-11-08,Smartwatch,North,David,6,564.27,0.15,2877.777
2023-11-08,Headphones,East,Emma,17,168.32,0.05,2718.368
2023-11-09,Smartwatch,South,Carol,17,1218.19,0.2,16567.384000000002
2023-11-09,Laptop,East,Frank,8,639.87,0.05,4863.012
2023-11-10,Headphones,West,Henry,3,315.11,0.05,898.0635
2023-11-10,Camera,North,Grace,15,202.75,0.1,2737.125
2023-11-10,Smartwatch,North,Emma,11,1139.21,0.1,11278.179000000002
2023-11-11,Phone,East,Alice,3,1356.39,0.1,3662.253
2023-11-11,Headphones,West,Frank,2,297.86,0.15,506.362
2023-11-11,Headphones,West,Grace,6,1255.7,0.15,6404.070000000001
2023-11-12,Smartwatch,South,Frank,12,1296.7,0.1,14004.360000000002
2023-11-12,Smartwatch,West,Frank,4,833.43,0.2,2666.976
2023-11-12,Smartwatch,North,Grace,6,219.95,0.15,1121.745
2023-11-13,Tablet,South,Alice,6,655.62,0.1,3540.3480000000004
2023-11-13,Smartwatch,South,Grace,4,203.52,0.15,691.968
2023-11-13,Laptop,North,David,2,342.22,0.0,684.44
2023-11-13,Camera,West,Henry,10,1460.96,0.15,12418.16
2023-11-14,Tablet,West,Frank,7,68.7,0.2,384.72
2023-11-14,Smartwatch,East,Alice,4,1152.83,0.0,4611.32
2023-11-14,Laptop,North,David,5,858.14,0.2,3432.56
2023-11-14,Tablet,North,Frank,9,147.52,0.05,1261.296
2023-11-15,Smartwatch,West,Carol,19,108.09,0.0,2053.71
2023-11-15,Tablet,West,Emma,9,911.65,0.0,8204.85
2023-11-16,Camera,North,Carol,2,245.14,0.15,416.73799999999994
2023-11-16,Phone,South,Emma,19,692.4,0.05,12497.82
2023-11-16,Tablet,East,Grace,19,1068.11,0.0,20294.089999999997
2023-11-17,Laptop,South,Bob,13,525.86,0.05,6494.371
2023-11-17,Camera,South,Bob,3,232.7,0.0,698.0999999999999
2023-11-18,Tablet,South,Alice,10,759.96,0.2,6079.68
2023-11-18,Tablet,West,Bob,17,190.14,0.15,2747.5229999999997
2023-11-19,Camera,South,David,13,1242.45,0.0,16151.85
2023-11-19,Camera,South,Carol,18,502.23,0.0,9040.14
2023-11-19,Tablet,South,David,12,258.91,0.05,2951.574
2023-11-20,Headphones,West,Frank,4,888.81,0.1,3199.716
2023-11-20,Camera,North,Alice,3,948.31,0.15,2418.1904999999997
2023-11-21,Phone,South,David,18,1248.94,0.0,22480.920000000002
2023-11-21,Phone,North,Carol,14,434.97,0.1,5480.622
2023-11-21,Camera,South,Carol,4,1147.26,0.0,4589.04
2023-11-22,Camera,East,Bob,14,966.97,0.1,12183.822
2023-11-22,Camera,East,Bob,1,1049.18,0.0,1049.18
2023-11-22,Smartwatch,North,Carol,2,815.13,0.15,1385.721
2023-11-22,Camera,South,Bob,4,257.35,0.0,1029.4
2023-11-23,Headphones,West,David,13,678.53,0.0,8820.89
2023-11-23,Camera,South,Henry,16,726.71,0.0,11627.36
2023-11-23,Phone,North,Grace,6,605.06,0.1,3267.3239999999996
2023-11-24,Smartwatch,South,Bob,3,751.78,0.1,2029.8060000000003
2023-11-25,Camera,North,Grace,15,965.56,0.1,13035.06
2023-11-26,Laptop,South,Emma,18,980.18,0.15,14996.753999999997
2023-11-26,Smartwatch,West,Grace,17,1378.81,0.05,22267.7815
2023-11-26,Phone,West,Frank,6,692.06,0.05,3944.7419999999993
2023-11-27,Smartwatch,North,Alice,17,382.92,0.1,5858.676
2023-11-27,Smartwatch,West,David,4,419.0,0.0,1676.0
2023-11-27,Phone,West,Grace,2,1410.56,0.05,2680.064
2023-11-27,Camera,North,Grace,13,1009.85,0.15,11158.8425
2023-11-29,Tablet,West,Henry,5,1447.05,0.1,6511.725
2023-12-01,Laptop,South,Grace,3,821.21,0.15,2094.0855
2023-12-01,Smartwatch,West,Bob,5,493.33,0.2,1973.3200000000002
2023-12-01,Tablet,West,Grace,7,283.98,0.05,1888.467
2023-12-01,Smartwatch,East,Frank,10,266.41,0.0,2664.1000000000004
2023-12-02,Headphones,North,Henry,3,1279.76,0.1,3455.352
2023-12-02,Tablet,North,Carol,15,1023.34,0.15,13047.585
2023-12-03,Tablet,West,Henry,6,913.06,0.15,4656.606
2023-12-03,Laptop,North,Frank,10,884.27,0.15,7516.295
2023-12-04,Phone,South,Frank,18,356.29,0.1,5771.898
2023-12-04,Smartwatch,North,Emma,1,622.13,0.0,622.13
2023-12-04,Camera,North,Bob,2,1415.45,0.15,2406.265
2023-12-04,Camera,West,Bob,13,1357.57,0.0,17648.41
2023-12-05,Camera,West,Henry,3,629.3,0.15,1604.715
2023-12-05,Phone,North,Emma,10,558.69,0.1,5028.210000000001
2023-12-06,Headphones,West,Grace,2,96.03,0.05,182.457
2023-12-06,Tablet,South,Alice,13,452.32,0.15,4998.1359999999995
2023-12-06,Headphones,West,Alice,6,1348.73,0.0,8092.38
2023-12-06,Headphones,West,Frank,17,1334.82,0.05,21557.342999999997
2023-12-06,Camera,West,Frank,4,913.19,0.1,3287.4840000000004
2023-12-07,Camera,West,Henry,3,372.88,0.05,1062.7079999999999
2023-12-07,Phone,South,Emma,6,618.54,0.2,2968.992
2023-12-07,Headphones,North,Emma,1,702.59,0.05,667.4605
2023-12-08,Tablet,South,Henry,6,464.28,0.1,2507.112
2023-12-08,Laptop,South,Frank,12,288.39,0.0,3460.68
2023-12-08,Smartwatch,South,Bob,5,851.36,0.15,3618.28
2023-12-08,Phone,West,Grace,6,1017.46,0.15,5189.046
2023-12-08,Tablet,North,Carol,8,353.14,0.0,2825.12
2023-12-08,Headphones,West,Alice,14,282.33,0.0,3952.62
2023-12-09,Camera,West,Bob,5,1186.42,0.05,5635.495
2023-12-10,Phone,East,Henry,3,860.64,0.1,2323.728
2023-12-10,Camera,West,Grace,12,77.74,0.0,932.8799999999999
2023-12-11,Camera,North,David,16,405.76,0.15,5518.335999999999
2023-12-11,Camera,West,Alice,2,1215.53,0.15,2066.401
2023-12-12,Camera,North,David,1,310.07,0.05,294.56649999999996
2023-12-12,Phone,West,Henry,16,349.07,0.15,4747.352
2023-12-12,Camera,North,David,2,1216.4,0.0,2432.8
2023-12-12,Headphones,South,David,15,998.49,0.2,11981.880000000001
2023-12-12,Tablet,West,Bob,1,1367.23,0.15,1162.1455
2023-12-12,Tablet,South,Bob,16,1236.65,0.0,19786.4
2023-12-12,Headphones,North,Grace,8,1041.61,0.2,6666.304
2023-12-13,Headphones,North,Henry,15,879.39,0.1,11871.765000000001
2023-12-14,Headphones,North,Frank,8,1410.8,0.0,11286.4
2023-12-14,Tablet,South,Henry,5,671.26,0.15,2852.855
2023-12-14,Laptop,South,Henry,16,1178.14,0.05,17907.728
2023-12-14,Laptop,East,Henry,14,494.33,0.1,6228.558
2023-12-15,Camera,East,Carol,17,546.84,0.05,8831.466
2023-12-15,Camera,East,Emma,13,356.87,0.0,4639.31
2023-12-15,Phone,North,Henry,17,1005.62,0.0,17095.54
2023-12-15,Camera,North,Carol,10,849.18,0.2,6793.44
2023-12-15,Tablet,South,Grace,17,1264.97,0.05,20429.2655
2023-12-16,Headphones,South,Alice,11,833.43,0.05,8709.343499999999
2023-12-16,Camera,East,Alice,10,520.28,0.05,4942.659999999999
2023-12-16,Tablet,East,David,6,412.02,0.05,2348.5139999999997
2023-12-16,Smartwatch,West,Bob,13,567.06,0.15,6266.012999999999
2023-12-17,Tablet,North,Carol,5,533.76,0.15,2268.48
2023-12-17,Phone,West,David,5,923.55,0.2,3694.2000000000003
2023-12-18,Phone,North,Henry,5,276.89,0.05,1315.2274999999997
2023-12-18,Headphones,North,Grace,2,1201.04,0.05,2281.9759999999997
2023-12-18,Phone,South,Bob,2,127.35,0.0,254.7
2023-12-20,Camera,North,Henry,15,890.01,0.2,10680.12
2023-12-21,Phone,North,Emma,10,1115.64,0.1,10040.760000000002
2023-12-21,Camera,West,David,18,388.33,0.0,6989.94
2023-12-21,Tablet,North,David,1,50.95,0.1,45.855000000000004
2023-12-21,Laptop,West,Alice,3,750.61,0.0,2251.83
2023-12-22,Tablet,South,Frank,9,232.05,0.0,2088.4500000000003
2023-12-23,Laptop,East,Carol,10,59.97,0.05,569.715
2023-12-23,Phone,South,Frank,8,1376.84,0.1,9913.248
2023-12-23,Phone,East,Henry,18,870.38,0.15,13316.814
2023-12-24,Laptop,North,David,17,634.66,0.05,10249.758999999998
2023-12-24,Laptop,West,David,6,389.03,0.1,2100.7619999999997
2023-12-25,Camera,West,David,19,1137.47,0.15,18370.1405
2023-12-25,Laptop,South,Alice,19,98.83,0.15,1596.1045
2023-12-26,Phone,East,Grace,4,132.62,0.2,424.384
2023-12-26,Camera,West,David,13,292.67,0.0,3804.71
2023-12-26,Headphones,North,Henry,18,1140.03,0.1,18468.486
2023-12-26,Tablet,South,Carol,3,737.67,0.1,1991.7089999999998
2023-12-26,Laptop,West,Emma,18,52.89,0.1,856.818
2023-12-26,Smartwatch,North,Bob,12,1489.24,0.05,16977.336
2023-12-27,Tablet,North,Emma,5,218.72,0.0,1093.6
2023-12-27,Camera,West,David,8,820.61,0.15,5580.148
2023-12-29,Phone,South,Emma,5,844.81,0.0,4224.049999999999
2023-12-30,Phone,East,Alice,3,715.73,0.2,1717.7520000000002
2023-12-30,Camera,North,Grace,1,671.97,0.2,537.576
2023-12-31,Smartwatch,East,Frank,8,1381.68,0.15,9395.424
2023-12-31,Smartwatch,East,Frank,1,435.6,0.05,413.82
2023-12-31,Camera,South,Bob,18,1218.29,0.05,20832.759000000002
2023-12-31,Smartwatch,West,Carol,13,173.4,0.1,2028.7800000000002
2023-12-31,Camera,North,Grace,5,1317.4,0.2,5269.6
2023-12-31,Smartwatch,East,Frank,18,1396.85,0.2,20114.64
